"99_tumor"	"131_tumor"	"153_tumor"	"155_tumor"	"156_tumor"	"102_tumor"	"144_tumor"	"123_tumor"	"149_tumor"	"101_tumor"	"150_tumor"	"147_tumor"	"141_tumor"	"95_tumor"	"161_tumor"	"157_tumor"	"127_tumor"	"135_tumor"	"139_tumor"	"134_tumor"	"165_tumor"	"120_tumor"	"103_tumor"	"145_tumor"	"130_tumor"	"148_tumor"	"151_tumor"	"97_tumor"	"100_tumor"	"136_tumor"	"108_tumor"	"106_tumor"	"154_tumor"	"137_tumor"	"124_tumor"	"164_tumor"	"98_tumor"	"163_tumor"	"146_tumor"	"138_tumor"	"158_tumor"	"128_tumor"	"142_tumor"	"125_tumor"	"109_tumor"	"152_tumor"	"143_tumor"	"162_tumor"	"129_tumor"	"132_tumor"	"160_tumor"	"159_tumor"
"LU_TUMOR_VASCULATURE_UP"	0.472534812466551	-0.524501184431895	0.18456417733649	0.316587602231102	-0.440086374506605	-0.000251383334131716	-0.0766511416759392	-0.0684875824995982	-0.379027793097567	0.239667273301087	0.012795264286005	-0.0762399580782211	0.109128893960436	-0.177583373293988	0.144316259573606	-0.0966661811311917	-0.233841496767295	-0.263320440253967	-0.251592326629991	-0.132520159895329	0.292884233320877	0.0512738632018915	-0.230874136443861	0.113225178028367	-0.0162337327502549	-0.548786723975503	0.424628390519777	-0.124662580494849	-0.187938682274595	-0.324177890384632	0.476197884968879	0.295048227553568	0.396503492528926	-0.193408591749677	-0.0089665118912958	-0.11004048004532	-0.249734378667501	0.469554155577335	-0.199900511002414	-0.261947776054813	-0.0965026911423562	-0.0831494643998418	-0.0706454425149075	-0.396350994544151	0.134602576705289	-0.469513762041282	0.217577750504373	0.0315348801170884	-0.384182553714034	0.409836719574181	0.235449435333776	-0.081496981778223
"WILCOX_RESPONSE_TO_PROGESTERONE_DN"	0.0262271337928995	-0.355890668290336	0.193535849286112	0.237099876056492	-0.257342486536091	0.0244329466205051	0.0992214088462122	0.230504908810942	-0.309268140770072	0.183487933592541	0.239092803009645	-0.228241724716073	-0.0824505073346804	0.257690931323512	0.0101879386746148	0.099008087876619	-0.293310710126188	-0.254653908223134	-0.0856527626713974	-0.0836069395346671	-0.0979596941657306	0.126573031433825	0.322596784444767	-0.308726400442747	-0.174243074348398	-0.293669958910244	0.247271316680466	-0.318872854974281	0.0454174089494501	-0.283545159679751	-0.217246937900558	-0.0869517403415418	0.446661964959124	0.0694353409635629	0.301954447344315	-0.00625890011373673	-0.326219322000354	0.233936314663209	-0.414601416654063	-0.122498034741407	-0.14411891492559	0.0481805795445928	0.144976141070064	0.0743821274409542	0.0691270704712888	-0.436310494260861	-0.0450706704921323	-0.233629637969202	-0.206911989944513	0.224667892322008	0.0153518960309846	0.136658799228243
"PLASARI_TGFB1_TARGETS_10HR_UP"	0.148958997803169	-0.155996810257474	0.0944115606638307	0.0875871170364633	-0.0101530418792447	-0.0345784639688248	-0.208819448638069	-0.0761379133757542	-0.3129146175349	0.119604398047592	0.113297362363458	-0.27726467730691	0.0356697712326341	0.226962966183212	-0.122431300558023	-0.0728769076428313	-0.314200308402929	-0.258230509048306	-0.300499706670458	0.0103599858866378	-0.0155080751226438	0.21557941160581	0.34467455985074	-0.169704386619883	0.039040757163593	-0.371023762556865	0.0226811890817238	-0.332177627964191	0.0760654225769334	-0.239793455140302	-0.0715727998316381	0.234552153561532	0.436870144618815	-0.071116372183236	-0.00427986237778913	0.0275462457823402	-0.255285389736945	-0.0531050820218431	-0.0620465934322123	-0.0664355896289895	0.0216646443999727	-0.154363624901065	-0.0346172981455456	0.0100997659162428	-0.0604937619812909	-0.256037735956654	0.140421443354759	-0.133977400606635	-0.0962331537786242	0.159935331984871	0.11078793487633	-0.244419260694481
"JACKSON_DNMT1_TARGETS_DN"	0.00678357720394113	-0.464289984854939	-0.331474179153748	-0.294889527629968	0.429555704454474	-0.248402882633442	-0.189674899495054	0.145408021789075	-0.411156836243235	0.38121010850404	-0.167182138759891	-0.489550975092936	0.361819774116068	0.0738016107901097	0.205841484120259	-0.32040613458557	0.079704119151722	-0.275373304078862	-0.493419572612113	0.276490730427684	0.283759817117503	-0.0299367327864258	0.11087196525665	-0.336869275538647	0.0909243745885265	-0.185949783872379	-0.180926603947087	-0.452095468757595	0.430815471288176	-0.37929580580277	0.0597692922206043	-0.0221571677761216	0.0567901215278613	-0.383282305593515	0.0972184656665369	0.489764354164715	0.315345475589677	0.162501035735823	-0.386707697455246	0.284268853370497	0.342058083180878	-0.184020687385991	-0.240967844646425	0.310920039273018	0.119031886792888	-0.18063471978745	0.465663323295459	0.41302302376714	-0.518174936013941	0.18348471239222	0.133273955228051	-0.120787241774672
"LIM_MAMMARY_STEM_CELL_UP"	0.0727466138880805	-0.255361900654005	0.277465406539379	0.0392686444827117	-0.264296906717493	-0.232711523600026	0.211426749030432	0.122240438425181	-0.358623237356689	0.101264832862843	0.169706577507894	0.0111618341380209	0.0795858082768831	0.0479538032447946	-0.158375092665772	-0.0157169452381694	-0.207719165884248	-0.41454034553302	-0.119831867345565	-0.267236101171194	-0.0855685718772854	0.354932031262759	0.361290918000169	-0.129129830802039	-0.360634786901706	0.00575768057578749	0.390564404789282	-0.128976324511376	0.195775112544375	-0.144392409942208	-0.215699497985899	0.0250868658860592	0.328045388865	0.159100467346016	0.352661865375721	-0.0592386291132623	-0.440152203532598	0.0999849356494436	-0.276529155064105	-0.297729744232951	-0.298555040814729	-0.160622869506316	0.353498223797585	0.194787801860081	0.203201917374975	-0.364395513363094	-0.03025126048241	-0.416356852004848	0.170807843471493	0.217869857919032	-0.136976618290168	-0.0891878099209282
"ROZANOV_MMP14_TARGETS_SUBSET"	0.0831279860279407	-0.476670932576597	-0.0898487532178409	0.250893983719081	-0.234234571223862	0.0573462532801212	0.503734943969962	0.398338529336964	-0.271207898887055	0.0357011535780716	0.558169420087366	-0.225309487103131	0.189418596702521	-0.142232657487794	0.0422247067728222	-0.116652894738813	-0.339242475547282	-0.542434606758724	-0.327335965100863	-0.0720556368892808	0.350475527116377	0.349361645074512	0.436912984524483	-0.328031895000544	-0.452428759152895	-0.178800745739179	0.549919864271333	-0.256183765576551	0.313729832419478	-0.285202438207486	-0.0492617689116459	-0.0782510243689819	0.46605631842648	-0.129639230597741	0.625728218462217	0.232409527662508	-0.555623319645532	0.2586589837017	-0.489007485542565	-0.318614091437146	-0.443326269102336	-0.264000000479822	0.0162805361956267	0.261966145897229	0.0662706528187621	-0.499369165285783	-0.276267053577964	-0.523286937099108	-0.18546679151925	0.0307225532217784	0.259141465844939	-0.143073300336735
"PETROVA_PROX1_TARGETS_UP"	0.156223794124583	-0.567318657226374	-0.662521784751483	0.192723704502574	-0.217594348013997	0.533447475455766	0.227232597425789	-0.329355295944127	-0.344109384823426	0.359466720630048	-0.109946248872329	-0.424382982790205	0.373537771175023	0.0144216121028973	-0.217030367384257	-0.205841917444409	0.00584015300714066	-0.126608376966486	-0.470568450847833	0.565160555942749	0.317717656654959	0.132692564550574	-0.138491286370892	0.0954907037322756	-0.225729721516043	-0.122138444502844	-0.25748053418824	-0.236039357590166	0.0999120271533398	-0.0556257150437991	0.0781565852761516	-0.398526523144044	-0.350857785884201	-0.434880112085551	-0.235170324253747	0.308292434967541	0.459620046496181	-0.307144220232322	-0.21718799150374	0.105280733437694	0.229781662042277	-0.248653033836874	-0.329320272403322	0.48255511786261	0.121962233744134	0.0528275964114916	-0.152523707225987	-0.140668779133634	-0.248991536905505	-0.340429691205143	0.347713223437542	-0.17340166595595
"WEINMANN_ADAPTATION_TO_HYPOXIA_DN"	0.215468498260268	-0.406944991707801	0.0868990003015647	0.420333694676529	-0.388396249755622	0.0744335424797884	-0.370620610281386	0.21255810903727	-0.537052458958424	0.18970318312063	-0.0918970811050556	-0.247922334673492	0.261976962973431	0.204710229739208	0.180909378212389	-0.115846694931909	-0.236288932715237	-0.240868601086109	-0.294325087962769	0.501770596568947	0.131799508155579	0.20848347091039	0.363282741793865	-0.41781339827786	0.106900271289305	-0.365227892997464	0.0975357038322293	-0.357935724211373	-0.0428835379203916	-0.339514868810447	0.128700681698375	-0.0936575564193407	0.494444914221985	-0.308501993819772	0.288622095839224	0.298092193936082	0.0240687607153827	0.0440178931336974	-0.177083196307904	-0.264750305806014	0.0610881842942216	-0.142258828368271	-0.0113543872543672	0.0782507305366406	-0.000704307644357416	-0.414184916985933	-0.127376211326151	-0.104199532901251	-0.376523213857317	0.0310485716461646	0.297083077225361	-0.377212365639301
"HARRIS_HYPOXIA"	0.0527236924710472	-0.283046928525781	-0.200032864379366	0.160421543608116	-0.167871833868155	0.271051311600234	-0.236056774586289	-0.0132187402339868	-0.391593039964422	-0.0153222088136763	0.191582066993389	-0.399712354289224	0.443208207826364	0.290055353340845	-0.096084485361885	-0.0904796777234579	-0.158189922569966	-0.202678650274293	-0.51345480817074	0.430306006401045	0.413472941702512	0.0414071133069862	0.361427908150629	-0.279372073051868	0.262883950884999	-0.431214074465139	-0.0921706903193971	-0.418109468998237	-0.194709859789428	-0.377087353119772	-0.0190227655263579	-0.0931265706555198	0.54605220396628	-0.39054004408622	0.274984821790989	0.253536178484086	0.139125481471774	0.272149640920344	-0.215072782979026	-0.130046664955495	0.0594064047559144	0.196785840223208	-0.444571698651786	0.0820185254205415	-0.148844933651814	-0.325211659759904	-0.151063332695136	0.0919646368587884	-0.39114623963253	-0.0184321763311527	0.308133896425773	-0.2960349574009
"WESTON_VEGFA_TARGETS_6HR"	0.00772452310178007	-0.130941261745618	0.147189900698032	0.221711196264705	-0.322018539737391	-0.064536260075012	0.322810890507085	0.187212609292797	-0.31772002866636	0.0731353433960032	0.36440285264711	-0.184690324396132	0.188399909172324	0.177364159470529	0.133479851535454	-0.254279584018375	-0.128082080120064	-0.418024317605851	-0.0157582987112412	0.0463056753060344	0.191587885914876	0.454808654761005	0.369079380589941	-0.368961900055508	-0.280798521119743	-0.249876173320587	0.207780423889368	-0.246271276273295	0.018335467851835	0.0207280789313381	-0.31055401899529	-0.141216066421227	0.454501792972786	-0.116509677359725	0.485036229841895	-0.0821091105316855	-0.2136861176488	-0.0334259673745443	-0.321028373406092	-0.289222455069193	-0.356860594381157	-0.0430190330624546	0.278103183901772	-0.177394877674672	0.25063072239894	-0.434867470188562	-0.155363290576551	-0.222253981824412	-0.175346214694331	0.203332761973208	-0.0661532908635501	-0.3181527543357
"JAEGER_METASTASIS_UP"	-0.0363654879017198	-0.33149152878661	-0.295701606769718	-0.0525299108050307	-0.113107058481997	0.470831897536717	0.153341563344738	-0.0184953466729173	-0.305009789141912	0.381819681484712	0.0695282708663436	-0.347204759832259	0.384917156470263	0.0943281932018406	0.168109167304508	0.0277766823732816	-0.0370649239680788	-0.432199731706029	-0.372764287745181	0.437124034980767	0.460496753300256	0.139706749942641	0.0109895274254616	-0.175939939619658	-0.21411295507088	-0.42440013125374	-0.00812777004946999	-0.169912355462285	-0.0165882044782759	-0.0295100518862893	0.380943705071496	-0.0531091317912941	-0.0507926563841466	-0.313752648472747	0.116462422519804	0.219165170922095	0.238830216797908	0.104025126912311	0.00854631027255462	-0.0763085161414401	0.106146761523961	-0.157931869610479	-0.32963006373087	0.311432929057986	0.0251666390196919	-0.0873545777037895	-0.274171539901106	-0.250083657535051	-0.45432442432069	-0.263538977618731	0.343800802094945	0.134525215822247
"DAVICIONI_TARGETS_OF_PAX_FOXO1_FUSIONS_DN"	0.051333173584219	-0.244632063821689	0.326037026832217	0.0679870475483075	-0.0705193385965106	-0.00166847208504978	0.00978448569499862	-0.157305772585562	-0.367799014114032	0.173548769939701	0.01207395150126	-0.0426060122383459	0.242314317888386	-0.103204045291588	0.117068713600849	-0.0272861268377819	-0.344815761103876	-0.137364602492468	-0.0196499005673602	-0.0964028602521805	-0.0332023819546063	-0.0641817294453707	0.132986281153648	-0.310689170777192	0.0448426276760579	-0.366600878093282	0.08327110738958	-0.0569758227931199	-0.0626535458504865	-0.257323670160335	0.0145016473263578	0.164178353182048	0.210441292402068	-0.181825735415837	0.185970944438624	-0.0669403400803215	-0.218983798364173	0.267074891782855	-0.288552324080155	-0.177337152409808	-0.115923662790899	0.0192356464834178	0.116430547098146	-0.0442836967187664	0.146106992336658	-0.301116976997243	0.228101905332919	-0.0931207379938808	0.249109605974574	-0.243643238999762	0.00761905655890679	-0.0665453207257709
"GU_PDEF_TARGETS_UP"	0.00470736397680299	-0.480151837616574	0.339223176275415	0.198971176463951	-0.138410174753964	-0.00470575712541152	0.168390562410594	0.240627969518961	-0.250820859172407	0.280335119343774	0.360610149571931	-0.17893528773983	0.243647306979642	-0.0455663237968823	0.288331594162659	-0.0300309735634144	-0.208874521579181	-0.477687609178136	-0.0790816455161699	-0.21476516659561	0.312679082337984	0.297129901814766	0.229932529405745	-0.00906594317545664	-0.343915634479347	-0.234957796761314	0.339864120677076	-0.356524412248562	0.0678610890231206	-0.406956925798478	-0.133417812289627	0.20714999254846	0.484238547422673	0.0426076794191023	0.198363733029062	0.134198988590641	-0.513955663934726	0.338009099172926	-0.227795310080181	-0.0388025971931607	-0.353558623664064	-0.127939086863377	-0.0742035720843548	-0.07626958044348	0.22824978477496	-0.394176651264066	-0.106494553849816	-0.416075820635531	-0.132469722906142	0.0937523491496778	-0.0464672645385127	-0.0113558337682462
"LIM_MAMMARY_LUMINAL_MATURE_DN"	0.0255540096232721	-0.287080505498337	0.32779298416248	0.156923482445653	-0.414945826875574	-0.147437798142112	0.208049441077547	0.243151791718281	-0.318236916342394	-0.0505147654980094	0.147496904413191	0.311227788834797	-0.00335617615075118	-0.0129563953601157	-0.124046140159358	-0.0796375910376872	-0.197898826901366	-0.414510103793946	-0.160232037082147	-0.397766374600251	0.0656518978335218	0.336073243185707	0.338902727369532	-0.0904344211304978	-0.469940202004031	0.0111354862695109	0.400983602805959	0.155982368238649	0.0544696299952223	-0.172338278733947	-0.117223941619736	-0.0479636465261017	0.404477735506076	0.331485076047167	0.397415538686802	-0.174230170025763	-0.505656178295944	0.256700198951297	-0.296766182675641	-0.339889428959608	-0.44334297394442	-0.0651058438856839	0.315755218117235	-0.0301915126015388	0.332182756893519	-0.394723591288124	0.150412836112873	-0.435331209344654	0.1615891242378	0.208525614681425	-0.114538547041299	-0.11855525560076
"CHARAFE_BREAST_CANCER_BASAL_VS_MESENCHYMAL_DN"	-0.188385189660398	-0.294714227463854	0.348770354508148	0.0234143358825619	0.000186763278357871	0.0344562626705974	0.292472903998057	0.108920917380467	-0.337554467867288	0.11267262812074	-0.0141287167281259	0.2181574740589	-0.023803570402123	0.0445954373180157	0.0343258132056738	0.0433030949100504	-0.0673710032185788	-0.461234885555817	-0.199399761103552	-0.128688273591347	0.000133519548035477	0.201669735448274	0.268998561242285	0.0315786896185619	-0.164078567537004	-0.339557062638637	0.289701480658543	0.179052551222872	0.18394801345419	-0.432953388577872	-0.18798982810584	-0.154394285609138	0.358459412659637	-0.0365716938594597	0.198072190590981	0.134680944551095	-0.454218381667309	0.09621826861403	-0.133922677501504	-0.253835274306839	-0.284993197683114	-0.312931733362957	0.415732053574458	0.100853947759178	0.236462261685911	-0.0891543862970761	-0.306906524736956	-0.46108840932388	-0.100125919960459	0.181671422928716	-0.149411993656839	0.070753008878444
"POOLA_INVASIVE_BREAST_CANCER_UP"	0.480586481276424	0.0572786222167554	-0.432421142614717	0.191337342152744	-0.438270449673633	0.400161759564178	0.0043476909932382	-0.0501887618099881	-0.505909815470461	0.0427835966757926	0.231032257115345	-0.0327864245703369	0.569076685790357	-0.0934487316769617	-0.244364184101664	-0.378021494562765	-0.468262983738628	-0.21079000480279	-0.476356973428171	0.0225711273341143	0.354416665283425	0.179910368511463	0.0352803040299237	-0.115175607008169	-0.294457863579533	-0.509005834284341	0.377133676625927	0.305889854934885	0.0522145809957437	-0.318928032617807	0.513048951981699	-0.314901597016922	0.161872764201239	-0.465566143142244	0.394142025055658	0.441844611438726	-0.0296862801690797	0.407301008156721	-0.080897349706367	-0.347368059748031	-0.311230670620794	0.0609497922492303	-0.162570177232147	0.327098438685276	-0.262516179862357	-0.497664860078851	0.509028595425323	-0.334738279944444	0.237050528212194	-0.10138921367028	-0.125112327970999	-0.556006211261967
"VECCHI_GASTRIC_CANCER_ADVANCED_VS_EARLY_UP"	0.284453767890014	-0.459241395632168	0.461872453847936	0.407690689502671	-0.473030617265471	-0.00179586127593126	0.294459165540406	0.202822329166445	-0.363635049248305	0.00319907451972334	0.415507042226237	0.0869886222663872	0.246373578283324	-0.177996955641772	0.170595951186126	-0.0411279527201861	-0.349947384279459	-0.461625526942794	0.0205302673276723	-0.243904461683633	0.329044531171935	0.352945052870965	-0.0218826793229478	-0.194896582055906	-0.404160888958794	-0.213599336463427	0.504598227612682	0.0280661060244954	-0.205532361539738	-0.278373529032107	0.0778485080742875	-0.0987770043768878	0.559298657433574	0.0160785394970797	0.458667760344599	-0.179506996160561	-0.569163888966755	0.388936569114448	-0.183126139074164	-0.411197806568713	-0.490214446270838	-0.158132511316925	0.326144324307113	0.0753004518316269	0.298674759221991	-0.524654785255124	-0.114803739035265	-0.546740431727542	0.121845371445432	-0.000785822887782783	-0.144941430836869	0.12471340802882
"WESTON_VEGFA_TARGETS_12HR"	0.0232632108940919	-0.0221875102762605	0.100960445680435	0.34867796423071	-0.379661785365629	-0.148758091907556	0.26521863771964	0.228164394872561	-0.36208387597806	0.280038581821591	0.225617542718072	-0.132107466663639	0.0393915034601531	-0.0762943286491344	0.303625663440641	-0.0434974396926507	0.0733603009403986	-0.398436805263259	-0.00271670762930123	-0.0772017750386271	0.0747851032779916	0.481670182011695	0.286715759062563	-0.356327372794772	-0.0984730004658272	-0.240043967282031	0.227626259464883	-0.202177016697076	-0.110565833685884	0.108649684054231	-0.257814428758433	-0.257631072043234	0.486093830169381	-0.266521783473433	0.513237305919304	-0.199952552873854	-0.44114360000915	-0.00903530803615005	-0.256340877899714	-0.293564411256953	-0.325754277990473	0.0566194981359286	0.284226703829347	-0.323418407547886	0.189679236342508	-0.437652937389548	-0.212223755017779	-0.480909699203179	-0.123241564292042	0.327388771313148	-0.194804877465157	-0.368167801911615
"PETROVA_PROX1_TARGETS_DN"	0.286944512560926	-0.0544320399185784	0.229631149489841	0.396610120180934	-0.394933162495951	0.376775902898488	-0.207734214319957	-0.00434618225617733	-0.321059731915329	-0.336348493212648	0.0494236592484984	0.127861929076469	0.294995453927132	-0.00635783850876925	0.00602751158277787	-0.362357937294235	-0.36954607218167	-0.387758579446399	-0.198814532729283	-0.0298461229944819	0.327461943703796	0.206533815978479	-0.157921514495617	-0.185623995158457	-0.0127605153101506	-0.364275584751259	0.344488066586805	0.20858408861629	0.040723004301703	-0.336360003884362	0.324017774421868	0.0314091046125986	0.493664510955112	-0.309470284845913	0.380377492229802	0.0638013811949021	-0.488078336292497	0.277219993204986	-0.168922589479248	-0.102795486857621	-0.355770767366596	-0.278551646866242	0.292588047263784	-0.0352745441354258	-0.0796737146597288	-0.50338147437619	0.306265455198836	-0.487378522004655	0.104691700880496	0.150504019818218	-0.294305945242084	-0.220922463684378
"KIM_GLIS2_TARGETS_UP"	0.250498495547914	-0.0973674809748521	-0.16663987985034	0.288053861443429	-0.484039737737505	0.119269426821235	0.184614539783591	0.343974312721584	-0.421511381379886	-0.186578014850933	0.343310335017311	-0.00832487819708944	0.37369680495699	-0.306425258951256	0.0950301213946932	-0.361008096677889	-0.303088739565239	-0.4885165563558	-0.361646985804126	-0.284181162508856	0.289216168448883	0.440386916816598	0.147097396199962	-0.368196841813114	-0.362642869605381	-0.317925819078785	0.461630902468456	0.0193449618575579	0.035098012599816	-0.0795503673454105	0.126321395331683	-0.311662519636352	0.408837464120168	-0.10704974171051	0.56459564528048	0.315238772510304	-0.432075748459355	0.274761040061615	-0.168751700792374	-0.415530904869507	-0.469637085281372	0.115285687186671	0.0243736003078866	0.131961587186726	0.00661991593897815	-0.589539930005645	0.471915671051873	-0.34915802809388	-0.0031942132248991	0.366773383453031	-0.318191256067108	-0.389366485100682
"ROY_WOUND_BLOOD_VESSEL_UP"	0.267938042944363	-0.402234286906084	0.26529101367988	0.265224712266237	-0.402368236468372	-0.145282012392941	0.397748994404073	0.3481068153475	-0.432971705737415	-0.235135357218518	0.388636049355172	-0.183407607106161	0.347811252056435	0.129768626895491	-0.150599470720054	-0.105135703365706	-0.256307888847649	-0.449824619957373	-0.204814240466783	-0.0779073925208947	0.196619655619855	0.220628005436631	0.02449467346259	0.20723628496671	-0.266471385173555	-0.142196190865771	0.556832353534344	-0.314170411828976	-0.0319907892999705	-0.380091715599546	0.176541175639149	-0.0980957392750714	0.354566225370014	0.0737700513388015	0.530879154078463	-0.0368329842239285	-0.391970279169844	0.27238896666369	-0.466350824036843	-0.308993326922378	-0.382162873632795	0.065752423077399	0.205558301918703	-0.0499573386241421	0.278266682557606	-0.437970706370522	-0.148990141930168	-0.50908933693125	-0.00142752082678141	0.260841113947882	0.00564052423964534	-0.195977475759657
"SWEET_KRAS_TARGETS_UP"	-0.0888647527070989	-0.447062810033006	0.447681078490797	0.320140228315513	-0.444190166915112	0.258619346422845	0.172632066146057	0.292926910325602	-0.263271028499376	0.185284759818908	0.377599939103002	-0.0806941370314351	-0.135891709474925	0.217356133442721	0.197826924473172	0.0704196439342544	-0.160872527297482	-0.380507598359087	-0.122051897345347	-0.0794671008527071	0.223363181871202	0.242331880586893	0.276282021767585	-0.127561460186811	-0.283941847696107	-0.410365981254203	0.307780143043048	-0.425822109974858	-0.0266745455426871	-0.264939102662838	-0.316604511467229	0.15514255975188	0.507738738027428	-0.0712288104631278	0.207360147663885	-0.0250451436559269	-0.522018996099884	0.0615697784783577	-0.172914889366718	-0.107719085500082	-0.313162746685731	-0.346516870705237	0.303013943910759	0.223704716571475	0.0505735188626982	-0.399379811774917	-0.249760571051229	-0.368644663655527	-0.123771005808597	0.127106083160666	-0.10927439418176	0.173618203335316
"NAKAYAMA_SOFT_TISSUE_TUMORS_PCA2_UP"	0.42796086984604	-0.539606042470479	-0.324638080275696	0.356812102017157	0.135267421067415	0.265685344014117	0.00385525726208111	-0.292953613660971	-0.39375614721071	0.391585164376908	-0.280628485030882	-0.500308091249142	0.519772330671151	0.312469456010323	-0.123160137305818	-0.177593110094835	-0.179864595979721	-0.217970023298409	-0.45849817020588	0.518825676498609	0.339730971767933	-0.11476706387144	-0.184096719605903	-0.203009383047871	0.312195351741595	-0.428485365478545	-0.258574880750215	-0.456300102725491	0.174271813297916	-0.298702095745181	0.304880138591751	-0.0277291157798643	-0.306003173054195	-0.436413682542856	-0.292238352612769	0.401037338627104	0.397646297329245	0.212635838272327	0.00607406231075508	0.404407991193308	0.323205849650222	-0.38481176714469	-0.497979779616868	0.407925249115746	-0.219006471493017	-0.00103002175091846	-0.0426501185187236	0.310257472600969	-0.332362963377151	-0.453556981825002	0.609113319245617	-0.0767937760840916
"WANG_BARRETTS_ESOPHAGUS_UP"	0.0492982829605239	-0.139978975608698	-0.426699577126891	0.130469012811053	-0.0306534163148929	-0.0796315761508846	-0.210319897941145	0.0930690369121676	-0.299906066213561	-0.185263416636594	0.0958418857392608	-0.30451589206967	0.164403007556034	0.287775796733586	-0.133634282507676	-0.1248749792596	-0.132684976360499	0.241108634621075	-0.450237293744176	-0.0785780936909793	-0.158163548902999	0.0350942132694374	0.335160229150759	-0.348275978534966	0.177355249951826	-0.493031497361441	-0.109985920746581	-0.155916536266219	0.0547951386891521	-0.233836522470291	-0.103346529934359	0.0430178062807408	0.296296039777897	-0.042796914889646	0.325202281358986	0.117133842910271	0.0622258833599119	0.0772004914814181	-0.258779113775399	0.314100073214123	0.351352578862388	0.0603293705240688	-0.257478075132767	-0.129390888410845	-0.0824530838215749	-0.128382769367693	0.197818725888855	0.434480842734106	-0.170658597649869	0.317997302958713	0.0329918592225347	-0.350258411469415
"BACOLOD_RESISTANCE_TO_ALKYLATING_AGENTS_UP"	0.0701809424387834	0.174683298557163	-0.113323111914104	-0.103757700931229	-0.48619306290199	-0.128436859991714	0.101196387839456	0.255721110046463	-0.523899813739936	-0.301656516584894	0.285684705815141	-0.321714803203172	0.177040670610235	0.126793624319098	-0.569751883591678	0.0167853878019367	-0.338565042894556	-0.319302587811002	-0.0882101458516701	0.104411000338467	0.251176422303994	0.335429347728278	0.423714267682936	-0.332275116490821	-0.300650451672584	-0.394226599649027	0.217618372928894	0.00231482960449206	0.306437427664342	0.0100750402192027	-0.275055057008706	-0.0202043481859221	0.47414069536829	0.313265744581111	0.613147141787357	-0.000817911927149029	-0.215545746334116	-0.163241339138189	-0.161924462788262	-0.128564559783384	-0.236807649892575	0.370708119229402	0.0390597567690167	-0.202856427218456	0.173587166592179	-0.367776371328356	-0.413852769016779	0.39616631941391	0.0198147223871858	0.302809125145014	-0.159932794103	-0.42044917533379
"WONG_ENDMETRIUM_CANCER_DN"	0.0890312208896052	-0.107509680681122	0.370819315925994	0.120653960971923	-0.408081976377839	-0.349325892006861	0.280884565127879	0.16500763411131	-0.385197172460714	-0.092335044504696	0.299176060655786	0.150574410043218	0.301593635379101	-0.0531224379587291	-0.282729306207438	-0.105701155441155	-0.319981737171128	-0.554934564537733	0.187547158226037	-0.246644149056334	-0.164070566965107	0.481357314923147	0.321656948959639	-0.413149850590971	-0.476780801395619	0.288734964483996	0.481869724101979	0.179847720309713	0.0467624139114673	0.122585017594255	-0.369593741517164	-0.358941986068081	0.48650080537866	0.373317492111998	0.538820927318668	-0.204155957512244	-0.497139544965427	-0.0441141874142683	-0.420463472161019	-0.479900159593634	-0.418706330912617	-0.163160231985456	0.4703913379449	0.266201648720294	0.426498193046448	-0.532457188707888	0.0948493686700075	-0.377775601949742	0.419799241234511	0.386114742210779	-0.387076078673836	-0.487957787508894
"BMI1_DN_MEL18_DN.V1_UP"	0.293744635483364	-0.29292196596186	-0.068246736108936	0.281025266915612	-0.0722602211208861	0.174605467911226	-0.169761359877849	-0.0999600615182631	-0.383920415548126	0.18787656804566	0.276655844487	-0.154240588795062	0.168392281905544	0.161307568898546	0.049504046343507	-0.0562081662063746	-0.335417182492561	-0.31604923516814	-0.381096333853902	0.0289129117377221	0.0858071821810197	0.180198750160585	0.213198254136889	-0.238368978514872	-0.0385607755926393	-0.459718132653583	0.129326172613531	-0.193657975182607	0.179364732432969	-0.264322576347042	0.0687759901197065	0.240581452042847	0.453824843059666	-0.196510563077936	0.038659278821629	0.118581385393954	-0.280780071529784	0.125253561006127	-0.216180354977095	-0.121597548503466	-0.196860825745217	-0.0259507363238848	-0.0015221112555418	0.0519569438990747	-0.159464277149033	-0.426819720832728	0.275808827542817	-0.21379511926048	-0.162750093159931	0.0380894316274278	0.138317230908376	-0.207633770120931
"INGRAM_SHH_TARGETS_DN"	0.0158109169342391	-0.253932588873247	-0.0137654705214372	-0.106218254762456	-0.042448050615426	0.181707190950531	0.0403826424300143	0.0375127200737603	-0.292035697278163	-0.0492888732283362	0.0468561569514326	0.0137312333681266	0.107216345803253	0.10263362511908	-0.118197137980511	-0.178598246268946	-0.135909985461171	-0.395846361336705	-0.315643356086957	-0.0585413676584341	0.0216725364418551	0.218999422281556	0.0696163655315361	-0.154493987520784	-0.132181248869734	-0.156155306230757	0.00524568721024782	0.0337607808469891	0.145381994704138	-0.100145812665305	0.083992401419155	-0.0244626008539609	0.103731005461661	-0.036106604037638	0.257717705510744	0.023646389367725	-0.332907394438743	-0.0973498648628931	-0.138586282001768	-0.175230856869751	-0.232522054488837	-0.255566808914276	-0.000906041857131223	0.245494735807775	0.250920528601964	-0.288308151511233	0.174862181184949	-0.0340906473387661	-0.122966135603053	0.124568599333194	-0.213101877352472	-0.0696816168222613
"LU_TUMOR_ANGIOGENESIS_UP"	0.332566261192054	-0.296761333735241	0.0803188484798238	-0.1818069173937	-0.192606892436126	0.0841218031162792	0.0756253051069426	-0.50067542415508	-0.38468179988531	0.280650066273802	0.281257319015699	-0.153717793648017	0.0078340563027873	0.0732181822917323	-0.0288295755783466	0.306031965827465	-0.193790968359113	-0.422456490277684	-0.454031153542765	-0.0772284712874095	0.272938590855078	-0.00103843778667073	-0.073080874198112	0.114731505871689	-0.397652419843692	-0.340798270936404	0.189093820196651	-0.129923124344894	0.409985595531574	-0.401064091041934	-0.0366982800005037	0.210173922689863	0.251396708204337	0.0685174485839921	-0.281105062237067	0.242866221321347	-0.200860507963237	0.199037524485415	-0.00558543305090381	-0.141105460440596	-0.0729752323028935	0.296055226459703	-0.120202568995036	0.0683381062347259	-0.241119418173473	-0.139780762824152	0.107956582111285	-0.506990433797588	-0.0474000105211315	-0.222279023866121	0.0360802672312447	0.313194569401065
"ZWANG_CLASS_2_TRANSIENTLY_INDUCED_BY_EGF"	0.148313377006212	-0.0172887342537446	0.049649360837412	0.348568645594869	-0.269569455185602	-0.165739789089561	-0.133395465544497	0.152439385442158	-0.212273347526601	-0.0276413187879225	-0.0534794722534046	-0.16808786996207	0.143956152849519	0.313407819031205	0.0755432754787949	-0.108433606515643	-0.262882197446688	-0.202269080833228	-0.0668124923666606	0.0470682524557816	-0.123250244826988	0.316962159006168	0.0984335833490948	-0.262052906343521	-0.0378936106413049	-0.141813196569899	0.21728785038695	-0.144307809904346	-0.204879840265444	-0.222008998260906	-0.313182676723963	0.0228322207923377	0.539965358028962	0.110034220357161	0.0545725903338644	-0.198551402977954	-0.056784766153565	0.166194348312161	-0.0594632952149658	-0.145607928139188	0.030114211718213	0.0275818187733323	0.0198213033096128	-0.095182582307231	0.11966966725581	-0.159156356777683	-0.228540873758513	-0.178723386551461	-0.0616347122372933	-0.0282766954447773	0.159239717400387	-0.0704513481636806
"NAKAMURA_CANCER_MICROENVIRONMENT_UP"	-0.470440724039021	-0.0941825532456355	-0.173101865694605	-0.0320210057733437	-0.0237317365424139	-0.279727747031813	0.435554847412302	0.222493723103975	-0.141198804753158	-0.0782719807701036	0.117316864227769	-0.180824788115768	0.0851506762572198	0.276443985231793	-0.127345017212233	0.162101776625282	-0.28779340282924	-0.441726269676751	-0.0852028564024126	0.0566158411624602	-0.14014958114578	0.349771234834724	0.492118275546275	-0.364643175613887	-0.250969976008516	-0.216488111895949	0.136417956090599	-0.157677922804783	0.144380936064887	-0.0469619378776484	-0.14030109980356	-0.205408021610596	0.282677881879859	0.310942543853145	0.471485388731692	0.0405272324855372	-0.140894339633613	-0.0548088725879977	-0.294067591241333	-0.208466491433346	0.021401946265394	-0.0641064922482356	0.315023878792534	-0.0477641926298547	0.235842367606439	-0.341036707538633	-0.0622668271722007	0.192425743591968	-0.457866642434284	0.432084492304287	0.109313247192423	-0.173568352500296
"VALK_AML_WITH_CEBPA"	0.174723563662193	-0.154173325768147	-0.0428547964373409	0.160509697552115	-0.100514907751073	-0.0263722627304824	-0.166402569344014	-0.0959441942219742	-0.462233391178437	-0.121762559863447	0.0900397701239621	-0.0533933277496167	0.364426646977369	0.205070945936973	0.0498576742406966	0.0305742690875568	-0.0328359371650948	-0.246443135745678	-0.37588132883909	0.0536092700925666	0.0991131193157887	-0.182055708623923	0.112092199769808	-0.0440470218780907	0.0944123723533287	-0.380256129338476	0.342229495704217	-0.221737988277122	0.0482980683590022	-0.405842393520697	0.0145744146664854	0.109128804759881	0.211243353860774	0.105881528792587	0.193256451428106	0.131497777743534	-0.067535430066879	0.0500562894376257	-0.00997000480934826	-0.326466541505059	-0.0520134142547906	-0.156906491474871	-0.039265452830214	-0.199314821863984	0.123540569948489	-0.0548668697512852	0.280139194236958	0.127266722090274	-0.0112941848789818	-0.0900692428066849	0.0703851416999974	-0.246827537999152
"TSAI_RESPONSE_TO_RADIATION_THERAPY"	0.259023576672825	-0.00494052599980493	-0.199208320334828	0.0971052796645171	-0.356431801214694	-0.182208452558308	0.0999448442017043	0.375963923799237	-0.261020922637752	0.24625330826985	0.00672542757371108	-0.20883290965148	0.113745503911209	-0.133114307354145	0.0286755942315049	-0.461316816430226	-0.515350744730824	-0.424025239282072	-0.532903929701412	-0.268829083122363	-0.154613880396441	0.236209521031026	0.273631889037243	-0.335764858830861	-0.313364832252751	-0.412249334056868	0.34300436067786	0.112446603651195	0.386531010641738	-0.0791526154429616	-0.205076599980369	-0.132845286862793	0.487173000235372	0.418813963764875	0.54059750903149	0.142812827868432	-0.28154740821565	0.214305884198798	-0.365325852573825	0.0292644699298295	-0.126756211804609	0.138775287455336	-0.308634348831964	0.0736145371027405	-0.174765757590602	-0.593149372439915	0.373940446674675	0.00377334445178901	0.0172146378186119	0.379836044895122	0.0148029333074756	-0.287461837206277
"STEGER_ADIPOGENESIS_DN"	0.224584981820386	-0.525872306740436	0.35284065054339	0.502252325149856	-0.554038888685114	0.257828104181221	0.235941434035107	0.174916399823454	-0.391853715095765	-0.0192935736838593	0.303816484842993	0.0464275337476223	0.370633644964966	0.0658911569201147	0.0283371321793953	0.147201417019607	-0.320076294731439	-0.449832565659416	-0.30623925259989	-0.161200873126069	0.285477187317006	0.482677733967792	-0.0520066156019191	-0.188082406198149	-0.319598077793509	-0.192888122332678	0.604673804926312	-0.0602376005192742	-0.334093719462378	-0.457570052149189	0.199417543450892	-0.147389005228525	0.65418214231052	0.232700246110594	0.541571087305402	-0.274730448366895	-0.463853681522215	0.375045774216125	-0.448641253439913	-0.512743677126546	-0.426495791988261	-0.0782279677704009	0.123298037832154	-0.0277364188456747	0.365282283556958	-0.468226350586145	0.0794871621375064	-0.538132504093946	0.0715034350264868	0.433334715246779	0.108251322376508	-0.11095258501002
"TURASHVILI_BREAST_LOBULAR_CARCINOMA_VS_DUCTAL_NORMAL_UP"	0.32260520453745	-0.495028290990577	0.410343797353692	0.507392466107399	-0.657561312010428	-0.0069572538233075	0.287760777175822	0.361100095201016	-0.43988225315745	0.114822967019334	0.522686094569041	-0.19856114542255	0.421179539212688	-0.239102965880108	0.182569890065803	-0.113192067062899	-0.437445379724005	-0.4524355332839	-0.0411528620001982	-0.0399124880162363	0.410244899110031	0.329041584930653	0.191535600350982	-0.10477928071976	-0.41185913423384	-0.277047385862551	0.614937868879503	-0.161083817445515	-0.324374139832389	-0.3083442296852	0.218778973176783	-0.427327282977602	0.611386500580786	-0.245547581629252	0.556731572771467	-0.096001172240638	-0.491746096113426	0.584196948546756	-0.455061254131681	-0.40691609931044	-0.494070842642223	-0.0898417549250153	0.424465383052293	-0.0149495721594979	0.194218589450854	-0.543092898365185	-0.146808648145954	-0.614538149979252	-0.0161291836151657	-0.0646709404386532	0.0901928342899291	-0.0255190740006046
"NAKAMURA_ADIPOGENESIS_EARLY_DN"	-0.184428664569989	-0.414037153836714	0.276750649366541	0.332550416319436	-0.371963270953058	-0.0242608553708673	0.159364345091626	0.284189038410687	-0.318005148022927	0.394457686043711	0.495143627176967	-0.456525851664523	0.0888461354581541	-0.109471810000471	0.269063918144289	0.178049515350192	-0.378828681803734	-0.481985280523806	0.128922904177196	-0.256996448435834	0.257049993800962	0.409904655620805	0.174047214493564	-0.231149468061769	-0.336347163213615	-0.270804662567932	0.453180133793394	-0.356121361953136	-0.213953879887428	-0.26088630939559	-0.272179833866752	0.138250023996226	0.562822841252588	0.121267231243918	0.57447237536795	-0.248494014103369	-0.467908146384552	0.305815013910465	-0.352749019359385	-0.318740474420801	-0.285772252917906	-0.20675653680777	-0.0280788406593974	0.164227488271187	0.210878220173117	-0.320114715784112	-0.0867371939617231	-0.378190323645324	0.17698547257525	-0.244875421618193	0.157109668013549	-0.052228595536418
"ANASTASSIOU_MULTICANCER_INVASIVENESS_SIGNATURE"	0.290603817323278	-0.719550934605519	0.639560890826007	0.583109745040927	-0.542573991694374	-0.345982033641586	0.408626919091061	0.272505276246123	-0.588251378325313	0.153458224196678	0.585002357047433	-0.14009133727528	0.36575069604343	-0.222034430830451	0.352692157540117	-0.0513758809514552	-0.424374030415809	-0.626300054551501	0.195089697884922	-0.239950293651804	0.451087609379091	0.573727189147832	0.263490499478968	-0.221987685194041	-0.540112526155959	-0.114129508129704	0.724807560469351	-0.270149327548639	-0.302727773753419	-0.298787490584867	-0.0866627624707412	-0.289075255720652	0.673470028396371	0.246228132097886	0.692447333936971	-0.274959711571579	-0.69980348618007	0.647050400930887	-0.524955269251996	-0.612551929235426	-0.598029105051845	-0.301940755717847	0.374519143258516	-0.0420248103284994	0.515363720692897	-0.622076260912468	-0.0100656418702369	-0.628066179170338	-0.231400609180013	0.288561637492029	0.0974650910795522	0.165731246921563
"LOPES_METHYLATED_IN_COLON_CANCER_DN"	0.244114645217898	-0.0828831925434261	-0.0855080736355611	-0.0784616366654095	-0.113052866806797	-0.0362938851968424	0.15417713801557	-0.163002715100899	-0.0806285242917069	-0.272206207656771	-0.0706077483777316	-0.190513663733396	0.373116033334004	0.260298487555861	-0.0891376907541302	-0.119392837487795	-0.301104075337689	-0.0810721902791873	-0.0368670295635345	0.179670907379408	-0.351041710290926	-0.178764561355911	-0.00225174210706636	-0.425859966675843	-0.134867980011723	-0.345201461905374	-0.0856711119262299	0.180013068163824	0.273852476699346	-0.291417116558546	-0.115116350765226	0.0401724331640542	0.00140634021541589	-0.163697767768766	0.206822540155936	-0.0536344443806857	0.0129795641087181	0.305657653020659	-0.292970983462769	-0.0192570843798222	0.168361818968922	0.0896121074648517	0.160886812335137	-0.0570421660919137	-0.13781228885237	-0.385665983253557	-0.146285653763723	-0.146000079063057	0.120714041546055	-0.0247738788167531	-0.225288896637394	0.128439696739404
"MEL18_DN.V1_UP"	0.300611518819944	-0.313474018453479	-0.103697989367091	0.189486029569512	0.0600675867699246	0.12022172005247	-0.195820724649362	-0.135512790106286	-0.388359459624662	0.0888290135242577	0.199166543994914	-0.189489731586214	0.101954539553299	0.160890346544968	-0.103909656587388	-0.0769231207851406	-0.31930536369004	-0.204413207278537	-0.43428078563774	0.011176624056555	0.101762190246141	0.0922783948865823	0.257177743357143	-0.341205125380045	0.0176504806725661	-0.487979300039952	0.0587171886537277	-0.264625632509157	0.251445100211598	-0.333079670476674	-0.000687874679808936	0.131967660041662	0.387218480235699	-0.109919131297427	-0.0382154342022002	0.048359838941469	-0.217387648105663	0.106592951201663	-0.15158600741951	-0.0777407209124166	-0.0791568138245089	-0.0767883721113357	-0.0170741642892083	0.124967859499675	-0.166229895608951	-0.463162308875566	0.344244854358266	-0.154661415880567	-0.159865629564476	0.118358454237532	0.199783157561354	-0.158980787238824
"VALK_AML_CLUSTER_9"	-0.0388633904249222	-0.198609452591424	-0.172971891230718	-0.0796489416204405	-0.14292969728124	0.226215851706832	-0.099808969357139	0.133265148574767	-0.40862043723177	-0.0999206803550516	0.196824442712275	0.19447890832564	0.0403013416666565	0.00507841782392296	-0.0561311086423176	-0.176276129933808	-0.339703939489275	-0.373228959434798	-0.385790375091736	-0.269396856794986	0.155399148347359	0.270242312169518	0.23676752261649	-0.310680685426974	-0.108732547297474	-0.336621596905972	0.0570171820835232	-0.316045238030874	0.316137586741927	-0.124785048920495	0.152017234845519	0.0821297712354757	0.24534760828382	-0.12667632504607	0.444671387941393	0.268844342622055	-0.27830883891949	0.0261026423682497	-0.281364500094913	-0.478453860289177	-0.179989826683723	-0.211630103891327	0.468759330798645	0.115986781472893	0.0121290962833841	-0.383444604837183	0.208184101705909	-0.188429113909795	0.216014872437253	0.29663077709767	-0.232093775558805	-0.180161566950765
"JECHLINGER_EPITHELIAL_TO_MESENCHYMAL_TRANSITION_UP"	0.257016394369818	-0.251359064487944	-0.196113964174509	0.0694399978533099	-0.256945017729155	0.116806226270115	-0.0301877504178526	0.28607119780902	-0.354964760980932	0.0798327466398082	0.190871157660876	-0.132363920882329	0.169547876718693	-0.28633583522572	-0.0879193141477295	-0.410752356319128	-0.362002381519716	-0.440774827568769	-0.415421453656419	0.153890871139399	0.37133695426347	0.319073354645574	0.363750738912194	-0.00309268058404802	-0.245088639065566	-0.309500888495234	0.278577676884149	0.107393284334471	0.0609323403998931	-0.272669619869335	0.336784216311504	-0.0956971427319604	0.42589263227799	-0.0589963591100028	0.556951429313902	0.244080648591684	-0.335261866919738	0.036115732700895	-0.123223709077828	-0.313927826323516	-0.453580845440505	0.02045533541487	0.0238676412652715	0.267465765399222	-0.00689962375207961	-0.588176896330726	0.3394078285752	-0.205071900859573	-0.170835960159661	0.288400222890409	-0.0755947897824986	-0.379090813362516
"CHNG_MULTIPLE_MYELOMA_HYPERPLOID_UP"	0.607548515775246	-0.59297859008009	0.594115082346778	-0.0794548278615716	0.0485818858229068	0.129324802241797	-0.52282016968421	0.0399394043178345	0.468958730082917	-0.277841948084771	-0.669577542564516	0.388763288552208	0.291267778862523	-0.509520387836433	0.00768349947959343	-0.276051346388307	-0.004190997566307	-0.456658489594788	0.540374495174412	0.542479157767707	-0.22430789279456	-0.211987918539388	-0.586835941927869	0.113550977640313	0.513029393986328	0.684963088650931	-0.398428328754132	-0.193697167672764	-0.570832456080853	-0.465398924521987	-0.180803369535122	0.261176185705894	-0.377437352190879	-0.450538880978365	-0.464530024850582	-0.443349065796345	0.418801604346929	0.389369141233891	0.702164079439754	0.161015398456481	0.466939086041835	-0.17363562990421	-0.542169726246054	-0.401354765087593	0.252319072339057	0.217575605578016	0.245624594880036	0.361842785782227	-0.48859377381125	-0.240668663082571	-0.221899907070311	0.104904791443336
"VALK_AML_CLUSTER_13"	-0.152668091814052	-0.147109097350728	0.17951947294565	-0.0108255886670572	0.166636651435192	-0.0540536642493306	-0.303179696222634	-0.225064223860267	-0.266255986175583	-0.0218104166022764	-0.175658456976312	-0.110967539914278	0.174656893189534	0.0194329888380389	-0.195558588733882	-0.162264805030685	-0.289341461730249	-0.312510010156614	-0.29884511314884	-0.350333937564013	-0.0722795299278464	0.0242127408273094	0.44093925749711	-0.194780336899175	-0.0417927589919851	-0.180438017960588	0.175784658946594	-0.254366985976716	0.529749496542565	-0.323853906251169	-0.302324239568076	0.222772461721037	0.170105556408257	0.126581795456623	-0.0616422764059572	0.052661311395461	-0.523404680125306	0.100322696562449	-0.181071914855789	-0.245854451558158	-0.0719376139794053	-0.0953091883971091	0.356657541194967	0.232588305412175	0.059838258250278	-0.0436469712456415	0.275763087643977	-0.156594898425222	0.0919251115882568	0.113928877393343	-0.180934187138642	-0.0595101824284013
"VANHARANTA_UTERINE_FIBROID_UP"	-0.283667246475865	-0.369542402595127	0.43605322493704	0.299451016895836	-0.405755024528324	-0.199087161151322	0.36991767652233	0.376257450243784	-0.193430704711907	0.331525849549047	0.324841859849224	-0.0772861945137859	-0.0315039942434686	0.00762085967269896	0.292404972783514	0.176571704635184	0.0860025556811595	-0.501213609940111	0.191206378267236	-0.239887873222217	0.05031390940728	0.249061849485184	0.0565323048461377	0.0183753076732973	-0.506875971428956	-0.279032249251504	0.314886047694408	-0.178473933938767	-0.122966177251354	-0.235218966113007	-0.471867294585695	0.188025038955718	0.36838201927313	0.0478295379108069	0.149257125176645	-0.188319937800119	-0.516765705913576	0.080763785652628	-0.256576366982651	-0.2504609382808	-0.365213573908073	-0.181928755201628	0.229698517925636	-0.0353335608446305	0.325106042152994	-0.264917537692495	-0.0529707518513796	-0.279541299293943	-0.262291614199521	0.112473398802607	0.0354423902053739	0.223765451088676
"BERENJENO_TRANSFORMED_BY_RHOA_REVERSIBLY_DN"	-0.00427387347630737	-0.0697361045745374	0.20723296545755	0.407979698361707	-0.174010789887492	-0.0306097980807767	-0.0457858588155972	0.382857420603859	0.0571966659835367	0.189434146747654	0.0947675106393034	-0.341471558212396	0.342010938614766	-0.202402831043772	0.401327789109931	-0.112772709829376	-0.353000982555727	-0.448948805416696	-0.264514419931834	-0.202263288595128	0.178313166187393	0.152107022544621	0.0539179347441861	-0.252134039185656	-0.117461163508324	-0.266677976135813	0.175178975680168	-0.16654794294617	-0.345323012681469	-0.366680177661416	-0.387073790080329	0.219821116575023	0.447330121753187	-0.0884202761678917	0.385033711807753	-0.278465414765137	-0.233861503252266	0.437192177793315	-0.188342394955774	-0.17079545681896	0.00753418607973466	-0.0382531624331486	-0.0154555267983969	0.100755113669576	0.163558159933418	-0.191258824892715	-0.197101530871546	-0.334537164312826	0.146432078160083	0.0156643257382746	0.343446056452501	-0.0966257701260012
"WILLIAMS_ESR1_TARGETS_UP"	0.143221093828794	-0.360560467177662	-0.548823735318638	-0.102267203949332	0.0905568767538921	0.442632497604064	0.152098825214318	-0.0561889587989503	-0.147721634775758	0.281399495393155	-0.141877042223796	-0.27403150317396	0.357244523788205	0.165677608651761	-0.228606782954434	-0.42508043138055	-0.194293258983063	-0.11850004393207	-0.590527148018064	0.414037519286904	0.420432556120848	-0.162520986574919	0.0334010980477093	0.00626318482922328	0.195985305071992	-0.273187786839542	-0.487761203526005	-0.304063100112373	0.129594853345784	-0.16895068859443	0.190111561461859	-0.0998435569432297	-0.35784566219269	-0.407544740570018	0.178640232441005	-0.0559601293947367	0.397499516251223	0.0446187056186715	-0.0835197341825095	0.213077503890582	0.348322935913125	-0.14946794207874	-0.327732530957789	0.530789373320476	-0.254832604790812	-0.334670266112815	0.182099178178946	0.189545755795925	-0.235985044429825	0.0283963124913343	0.338106613803559	-0.196220308257324
"YAO_TEMPORAL_RESPONSE_TO_PROGESTERONE_CLUSTER_16"	-0.189717729859809	-0.501874855066944	0.280892986298263	0.248689119582038	-0.132764989823492	-0.17612113588827	0.105338917019583	0.269086676571171	-0.468810032763402	0.227530394404166	0.188628031428204	-0.256854693119464	0.346486016802311	0.218957444477731	-0.0330264013004652	0.0590192511816172	-0.155340140729196	-0.461336559995355	-0.0848549359267415	0.167331897054205	0.0360169457992678	0.167401015585675	0.417405614479948	-0.266629332402131	-0.257698756631085	-0.144282813089257	0.153690766458766	-0.351232400135795	0.142667328570324	-0.299966964036778	-0.0955160138228919	-0.0976646040122019	0.281740976454789	0.0902013858861184	0.313039537967392	-0.00184672973237107	-0.310826717514041	0.195763614998251	-0.413156304029293	-0.147601360351247	-0.0261102082145149	-0.175594359547124	0.0480826119438369	0.129458006084536	0.137039678148296	-0.271852765466789	0.0956766202439862	-0.263041495719061	-0.232335130184063	0.076771709272195	0.148705230299289	-0.00157547163666213
"LEF1_UP.V1_UP"	0.0811763710522695	0.0114762226076262	-0.00602859859134083	0.0205585078879113	-0.0844061735004534	-0.11962208850872	-0.0874592099756168	-0.0282666356452019	-0.229770804945364	0.0682327189441443	0.0516441812164558	0.0617550695283678	0.195920155872182	-0.0736673549693893	-0.269977663878075	-0.0761662407369568	-0.27052231298804	-0.362998997985212	-0.320746183745305	-0.0877937534337604	-0.0706221353138095	0.241606483781416	0.293703315384073	-0.131249275066295	-0.0744317745959	-0.22552690259447	0.263420918950453	-0.00314061152532555	0.323552948979402	-0.162896097500209	0.0581491478333117	-0.0101373004420741	0.212702664511079	-0.0869143095775768	0.360217363259535	0.11320882741705	-0.313153268515528	-0.0488991908674377	-0.0748441467255665	-0.226958361208829	-0.235931079132439	-0.224644041048343	0.19664436084165	0.29257099549733	-0.139323524263938	-0.443276658034941	0.239890295829801	-0.132024276618303	-0.00541748830759645	0.261371625474292	-0.0173398866851915	-0.288789752113231
"RIGGI_EWING_SARCOMA_PROGENITOR_DN"	0.153603055456646	-0.211156472213455	-0.0847698506708988	0.164345895203998	-0.188313704699375	0.167556402743956	0.0210457502152563	-0.00686355777912806	-0.244571244944458	-0.029171043769758	-0.0867825489742801	-0.00409419853587661	0.20480813849271	-0.0136490222577921	-0.138556997714674	-0.220157143680128	-0.281960497914635	-0.280608803908719	-0.263342588233655	0.165888056056614	0.165221581773977	0.219197901935916	0.198003583857383	-0.284560554460362	-0.104530875554553	-0.245867520679999	0.153658304189175	-0.0835850086731826	-0.0110002989748997	-0.0453325431176143	0.0153762414792357	-0.105766981887398	0.296234858821352	0.0775890893004133	0.370711907752791	-0.161947992409588	-0.255278363748862	0.132328965196809	-0.269346314285746	-0.261038115890712	-0.167239766322548	-0.0653582512746964	0.0638964136896686	0.0385708389237863	0.158976209012536	-0.353270341834052	-0.0719306544832031	-0.061233878288928	0.0563037680650765	-0.0124206090307094	0.0495546489936488	-0.173994291684427
"GILDEA_METASTASIS"	0.0178835232176746	-0.410892161152776	-0.371537278248384	0.37202235429226	-0.446108043148001	0.362579196616405	-0.0525055654125338	0.231681443754863	-0.563572161756468	0.090372379269247	0.290996274939334	0.169260578590308	0.256420865798645	-0.145300278836977	0.208253838211035	-0.30659156061644	-0.432522445034028	-0.383664443639038	-0.402644083264724	-0.287792704758101	0.141856982114801	0.211473413540681	0.207418539065825	-0.378357517007324	-0.221545385181061	-0.385631720727734	0.332897315409277	0.0406790449712514	0.0899513480487814	-0.479681482901889	0.202793456750356	0.000926274903902569	0.510246124446349	0.0724576175883916	0.451860191792813	0.0879605714299834	-0.34446712219884	0.369015804937318	-0.325951481532641	-0.253524668886157	-0.292157431092818	0.203431708961834	-0.0838691371406028	0.200034361476771	-0.214704980460037	-0.476874380712635	0.388938305794446	-0.0289421771555718	-0.225390110458848	0.0525642573936212	0.0104069198548294	-0.0395077499703895
"CLASPER_LYMPHATIC_VESSELS_DURING_METASTASIS_DN"	0.276105456772923	-0.508139088827631	0.34160383652386	0.381308209274032	-0.472029629622564	-0.167651340984465	0.210626467205304	0.207753481156004	-0.42104693853018	0.115489567379024	0.447367215599213	-0.16108409441752	0.308454534662855	0.0305696386258264	0.319860438279616	-0.256643397692962	-0.420537402310134	-0.626566729326367	-0.00715190097150051	-0.118518360644937	0.327743598341579	0.496425129932153	0.350064989728146	-0.226789371438357	-0.426476539532901	-0.0784916572993482	0.53285985659298	-0.188030967717403	-0.0431248729146335	-0.112692022926238	-0.0529423069604091	-0.325285401790736	0.578675654812939	0.294801299554212	0.651643005075511	0.0104678389917104	-0.625590004299453	0.264355389103219	-0.589339947408855	-0.258794611755509	-0.332272494059701	-0.310623165196613	0.457330860479834	0.160501631502359	0.266243243407643	-0.677484541356049	-0.0788570529599841	-0.450008727410137	0.00284813477324042	0.221768334289939	-0.228903841173235	-0.163030101257033
"SATO_SILENCED_BY_DEACETYLATION_IN_PANCREATIC_CANCER"	-0.0515192929397107	-0.0103328415028722	-0.119367470139414	-0.0743165287907709	0.109362905722834	-0.0279088276073343	-0.126614618605806	0.29393332003129	-0.400441547899397	0.0725280427366177	-0.143564433719818	-0.365290392345155	0.281118961326127	0.00751271284937002	-0.157913378648637	0.19086224679965	-0.308884862654337	-0.262998899798017	-0.278844325640706	-0.115358103280826	-0.210411773916255	0.0484413798768725	0.426837256786546	-0.264127325183527	0.168753008250076	-0.307038435628131	-0.0895237466567475	-0.274243701483523	0.34066820221889	-0.39475217750916	-0.00494123023671711	0.0657773613655805	0.110437096966809	0.133320230866013	0.311713527878662	-0.0231396147503043	-0.0655682205360427	-0.156607712978176	0.0155937137395291	0.0115316453726208	0.328073039588687	-0.0619982188475664	-0.191466324003713	-0.166928706672566	0.0973102717127016	-0.235071418000857	0.145277087648055	0.105577519871875	0.0307081045522628	0.390917441858869	0.186388895872799	-0.238194921839682
"LIEN_BREAST_CARCINOMA_METAPLASTIC"	-0.0074665646904134	-0.519317297009202	0.342297794179199	0.0937249101233007	-0.426882146416297	-0.317887353086365	0.452929785551101	0.437267486778449	-0.273949655563606	0.0104536947056094	0.468787981981964	-0.0227491621917851	-0.0360497949682409	-0.275721304533931	0.234418207041288	-0.0720312319687346	-0.178680459011	-0.558387534818519	-0.0462329574760471	-0.400213467422427	0.385074339720995	0.498482430219291	0.0122958793647505	0.0319913171622724	-0.518079841752298	0.0716857386833531	0.521895299392815	-0.0104494938156719	-0.116988082848167	-0.287636456994107	0.0706918421352954	-0.265543493750148	0.3903176153177	0.348661730606179	0.476117146344255	-0.242802301657466	-0.642744045395917	0.426416228170464	-0.279539186939694	-0.614515446057672	-0.514439472458302	-0.103623639600342	0.398322103707436	0.132006430119928	0.475719984089649	-0.38966362493607	-0.141655090011468	-0.531088512708874	-0.179304813809254	0.270786999583714	0.0533644819645854	0.189958055971485
"CROONQUIST_STROMAL_STIMULATION_UP"	0.0315959731896369	-0.337854615030398	0.207186941159576	0.254224177395432	-0.239016329254399	-0.0555352729734944	0.0119875773138831	0.168895698045975	-0.414192455461157	0.0709022563111183	0.428566543536374	-0.228389672351192	0.348024286089153	0.0845554332335648	-0.0826614566161503	0.0900413145762379	-0.404164460420002	-0.535642615398598	-0.406356473053859	0.225527604178914	0.0181366784778444	0.344828893901924	0.338693824422327	-0.376190439136632	-0.264144744655798	-0.394264320352425	0.424677528965396	-0.289563161688121	-0.109118023929167	-0.392869113779839	-0.29435829252981	-0.012775131500057	0.432813336444444	0.214139492323188	0.54008654709579	0.076493244923316	-0.240582667122583	0.353185863779545	-0.280975256107943	-0.23608764523565	-0.311741855716879	-0.355074241979208	0.0235940169644203	0.333567094330834	0.339205149255804	-0.425875337135448	0.128841394188645	-0.217442524529987	-0.115394732935859	0.313735576548797	0.280796875781968	-0.245651576026471
"LINDGREN_BLADDER_CANCER_HIGH_RECURRENCE"	0.0409404156545747	-0.525774898534141	0.123967627828745	0.263499642967001	-0.303406339594591	-0.0370401025646474	0.242205848371588	-0.0270679651495565	-0.52593614439897	0.228629378528882	0.413588666885544	-0.216223945823358	0.264536502928754	-0.00668914747347388	0.0590914859243648	0.108563453263869	-0.181732416854518	-0.587144658838095	-0.434227243293698	-0.257874361143959	0.158089987537763	0.427774575864624	0.407400638331857	-0.0962369945711249	-0.412421394430009	-0.374026368638904	0.529927291512452	-0.343542033286769	0.00619204241901747	-0.403030876513031	-0.274158657697939	0.108554484553194	0.395452331773844	0.146861301472848	0.529876232218543	0.208227581955717	-0.362028666826524	0.311344782420169	-0.301142186697958	-0.414812241733587	-0.331136616209365	-0.350243944536447	0.0270485380191883	0.250900266710272	0.215723411982195	-0.309968264620223	0.246158123662511	-0.389058919961094	-0.0478092615757796	-0.0810569479744379	0.0272375731107971	0.193164459365988
"HARRIS_BRAIN_CANCER_PROGENITORS"	-0.0392014030966152	-0.110260804852257	-0.168710109744096	0.174048924195469	-0.199676117779554	-0.116604200094382	-0.129566164505191	0.295818025473143	-0.343949015036772	0.340608811749867	0.0345815444674898	-0.0889399085749855	0.119806361519062	0.0750360349427503	0.114962120487014	-0.201266061144075	-0.344115443348737	-0.176394601079957	-0.0919422116810538	-0.00498441979938996	0.219337656086386	0.406929014208927	0.17516789990307	-0.201978106910542	-0.103562694119122	-0.128400622651156	0.162195869382117	-0.13861763755856	0.0157976690237618	0.164177188464885	-0.0530360591726177	-0.0741841338773853	0.324565004374881	-0.0232094675239155	0.360141976843043	0.208666159218555	-0.317216531343575	-0.0223883692276501	-0.0305566063946744	-0.0872007411720997	0.103041744684495	-0.273128514048184	0.102939631698897	0.199720415727706	0.034830832148769	-0.416336205502707	-0.0292090823031536	-0.0472351941538879	-0.05768691698455	0.0998905636344525	0.0635288144979078	-0.0808326238452229
"MS_RESP_TO_WOUNDING_UP_IN_MAPKi_aPDL1_NR"	0.171273266287958	0.10379702382912	-0.421209656971867	0.11227916785366	-0.153730303858104	0.417230807068272	-0.307273373595045	0.121125093444713	-0.417492671000294	-0.0969359821336302	0.188668355248075	-0.157550125849572	0.355868281665622	0.19850204430619	-0.284458804133339	-0.0972214116820489	-0.426262751299694	-0.255513991081431	-0.484636242297968	0.123854798041108	0.264178787064001	0.211985090122982	0.366884379262759	-0.208738728375034	-0.0675450644302064	-0.501516078100417	0.0376804214295297	-0.312250358888	0.00306149946110817	-0.103243249970382	0.263679527007824	0.0477563828054034	0.439989550864282	-0.26177655531055	0.259079460025019	0.430329711735804	-0.0883697329362325	0.168947669539302	0.0379222039914529	-0.367895427873608	-0.253343854126172	-0.103318769138844	-0.353042366930606	0.353116028781407	-0.445755302600839	-0.516257408157119	0.42958923942367	-0.0434138099427317	-0.0506754898391769	0.0992868795361557	-0.0704443718872197	-0.346921921390296
"DTPP_REG_CELL_PROLIF_UP"	0.0981047839356728	-0.0946192836695614	0.0779678826596887	0.177725139560037	-0.15753774625267	-0.0541897487906776	0.0641628780464266	0.0754294345033685	-0.182056770710061	-0.223332627436141	0.0502998774220468	0.110571536865316	0.245612532072378	0.129552871162389	0.0384356983788172	-0.259349248711122	-0.196331815909303	-0.412268541248512	-0.35362565105178	-0.194714936180652	-0.0103447590100161	0.160623424920174	0.354166660225979	-0.184444924750295	-0.200321898603739	-0.209708297645667	0.190495112269606	-0.089892175369414	0.0373676618901112	-0.0851241768170744	-0.225773996908095	-0.079990942989926	0.403797029038706	0.143712565833385	0.360695297630528	0.0389715514394494	-0.383668930211274	0.127802827105449	-0.225403561211984	-0.220057005739989	-0.0945333905805288	-0.158596812218247	0.131311339946912	0.0797510171162985	-0.104523607453621	-0.415299210671353	0.177750934607127	-0.222620562498454	0.125203822863322	0.239005287124055	-0.0724924212212144	-0.302868627241854
"EP_BLOOD_VESS_DEVEL_DN_IN_R"	-0.00284885201071294	-0.454681071140096	0.298963150346366	-0.028973307801578	-0.278242951717383	0.0129058978413851	0.155813359781752	-0.206006924639067	-0.278304889430334	-0.0407543326594726	0.31509817428713	-0.332965350449078	0.0358235195469309	0.217116894274195	-0.163137032295471	0.106721970385981	-0.262176064525764	-0.394741762755051	-0.378594131368627	-0.106245063987151	-0.129826086052675	0.107394113780208	0.575918127371713	0.0366108165860868	-0.181020923226993	-0.0876743566845864	0.154127118325204	-0.223507362044803	-0.0597376070425898	-0.15877657961461	-0.125921526595603	-0.103017540235473	0.481476980186944	0.0198261679780731	0.273499522241736	0.0660542614052394	-0.124963402222599	0.318895647818008	-0.381518704081121	-0.267970197518257	0.139146351768755	-0.09576539864951	0.0441269853186098	0.227214703828555	0.288215436017037	-0.448338197228254	-0.102785424284647	-0.15000082326034	-0.0656426632662977	0.265766505166265	-0.0128693648125263	-0.28363079263789
"MAPKR_REG_CELL_PROLIF_UP"	0.218913992870543	-0.106131297807918	-0.0750614558132482	0.113695090322461	-0.207521739292334	0.082918247141552	0.116143542416213	0.152252467770967	-0.253416715553319	-0.189709424259372	0.208323177243385	0.191378334533021	0.231872859020153	0.219438361249858	-0.0204567791362201	-0.298296023166117	-0.128048236843608	-0.486365564634307	-0.334778644455804	-0.0856728427551562	0.0563440371631272	-0.0226771770756752	0.324890958098226	-0.25071507690737	-0.248429357006522	-0.308022534830005	0.281696801480713	-0.19260191552389	-0.124793064519528	-0.106781624750277	-0.257128164758926	-0.0311338501067062	0.355379704729706	0.0977464720400802	0.187947131666779	0.0517925730459215	-0.361442342269638	0.0692809958125247	-0.241851461099031	-0.0338065635121627	-0.0984879467720796	-0.0840438925552368	0.153697801773685	0.201505514775612	-0.152147740384842	-0.434073284455034	0.248732187666526	-0.350822152924671	0.164674783416237	0.113451094025518	-0.12254239328366	-0.272480728893664
"PH_RESP_TO_WOUNDING_DN_IN_R"	0.0311950869783523	0.250143474182514	-0.34332582215061	-0.147067762951348	-0.411129103403465	0.190473115077997	0.33552026232101	0.229902621828265	-0.367323829902299	-0.20554111357581	0.445166092021401	-0.167166593575164	0.493728898964479	0.0492418117990425	-0.389678651962936	-0.347893757900847	-0.61799845519395	-0.451566963305807	-0.33855873821678	-0.0569212567533806	-0.00956377854443469	0.497093091142531	0.461432965626923	-0.375792566412209	-0.471816901705949	-0.0981668323709614	0.475898694676515	0.168749763787131	0.14977078112108	0.217757583200413	-0.153176781621568	-0.292455458377097	0.401006551059021	0.014571009729427	0.567977537124542	0.244087179183507	-0.308518338394399	0.0421246804602484	-0.279572613574521	-0.499398422006259	-0.506916618249297	0.071280628348459	0.214153257003511	0.268217615960809	0.0502046511342973	-0.603537736960821	0.382207580999038	0.00893980577997416	0.162287389374461	0.437549354304967	-0.48418040732835	-0.588699616843048
"MAPKi_INDUCED_ANGIOGENESIS"	0.0356479507976609	-0.447020755862277	0.275005175402459	0.0908373549079563	-0.44526993314755	0.208349462537223	0.302636117149668	0.0224015735264328	-0.254232234736643	0.0274061227556025	0.591966552530205	-0.278262780906174	0.119061070215964	0.0923280023495228	-0.174077373576443	-0.385627022733308	-0.26688876432662	-0.507173725137731	-0.374611832613984	0.0312956297328047	-0.0882255503147767	0.399988487145793	0.529142019121556	-0.0654965952741887	-0.392058679235382	0.125329591963848	0.392060926226759	-0.19493127933998	-0.171476212295633	0.0772951128849054	-0.0318269475119748	-0.221566507323405	0.511051569931398	-0.24285184144361	0.543457482694595	0.206805267136448	-0.360931483631211	0.417777021639433	-0.530537812175068	-0.425029387512519	-0.236073022527321	-0.229295681301171	0.110978669752645	0.385101279121992	0.404902026377113	-0.560671200132805	-0.201982757076901	-0.196284724520438	-0.0151407762295833	0.339463768025207	-0.156753008176293	-0.39420383550327
"EP_RESP_TO_WOUNDING_DN_IN_R"	0.318239595207395	0.105306652303237	-0.303433325664015	0.0835080162366702	-0.0297096650025153	0.23025316670667	-0.203742516328942	-0.239113967142822	-0.175301339144258	-0.0962597245204119	0.377727694024613	-0.29676737421383	0.190717664350905	0.00515501459908116	-0.00668686534315746	-0.0422878804037003	-0.400827419766953	-0.233121901869099	-0.471195729299799	0.130732917276619	0.0623684837877756	0.288218574109035	0.377416298238813	-0.247547942540816	0.168588885195944	-0.507201637774807	0.0637662457396935	-0.059609282339801	-0.027892409944967	-0.0537108137219959	0.0921059535476876	0.0945182620604389	0.395576463384156	-0.0654245766952495	0.114965212300392	0.31210894144149	-0.139119739782616	0.0796236068337502	0.111283631589717	-0.176709421003247	-0.265735821106737	0.0570308264933251	-0.164786837467327	0.18468108281843	-0.212898048930162	-0.366523807374598	0.252430746265338	-0.0825980732102709	-0.189506050071081	0.234223659967045	-0.0956386572843012	-0.346090311449412
"PLX2D_CELL_ADHESION_UP"	-0.328154577995506	-0.268080416418891	0.216611442002003	-0.0633124853619697	-0.242790228687954	-0.377454755644257	0.367707005832389	0.338215695381118	-0.328474601396028	0.107887513658178	0.406125745731129	-0.291271883073517	-0.19820729972653	0.138919514459654	-0.0800197415468222	0.0275365893745424	-0.296352020517564	-0.40832964004427	-0.0328148429148956	-0.217550990756405	-0.125381883643994	0.257686174243691	0.204447827838041	-0.23723554222597	-0.457515895568764	0.11537349146038	0.434347468883789	-0.38127854493528	0.156945863879085	-0.167201096163787	-0.298168092588657	-0.141120965438729	0.324735145463894	0.294923863349278	0.38950850568133	-0.124099879142654	-0.281960693418176	0.210473566905941	-0.388105953540506	-0.360847827608282	-0.130550722303043	-0.142580507415282	0.389589671596041	0.125212423695634	0.398413580715689	-0.295345677927372	-0.154214256539444	-0.239301804416226	-0.16292689018568	0.189990758111744	-0.0227438756484171	0.0339576722963402
"MAPKi_INDUCED_EMT"	0.342088996347281	-0.69350335820733	0.109559313718892	0.472053436801128	-0.420090879345024	0.134272766301828	0.345919666369552	0.0142383450696449	-0.506040868709391	0.396497805054394	0.405198542371028	-0.428460475013219	0.470784995250974	0.0096034225155405	0.411256852139877	-0.0491171483290111	-0.316540108721469	-0.522456901640938	-0.262145277985916	0.166879973115765	0.452694469945934	0.441607911372088	0.114427104727595	-0.0176043548249737	-0.396943180220434	-0.435604508918425	0.545792181641142	-0.445991577296689	-0.149719448353127	-0.23958503523593	0.292062952713947	-0.167105790652899	0.305049155964275	-0.253533280282024	0.528438098404678	0.0553867912520823	-0.258056808300911	0.555616013081937	-0.456229175129467	-0.369809248577978	-0.251116616707668	-0.365282600198894	-0.271576762492176	0.135835772922217	-0.0359112872770224	-0.459129442760276	-0.0949218558949823	-0.470977040472477	-0.432619465865108	-0.201755527505814	0.458002575326499	0.163423797754891
"DTPP_CELL_ADHESION_UP"	-0.191698720228496	-0.332036864846998	0.274400875508945	0.201180181712332	-0.269360821525455	-0.258234342278709	0.23686058434125	0.244854223393773	-0.3047467389316	0.0163059374706344	0.308228954198294	-0.104209734629301	-0.0773626345221783	0.232558649082957	-0.0191675485746063	0.0687455626430327	-0.148831891594255	-0.447171880839113	-0.0831401753690846	-0.101842553869674	-0.0362678827482949	0.330663451785304	0.331976433577195	-0.278028228579968	-0.318036995737745	-0.0952728244747119	0.405742444897094	-0.38301256986052	0.114694747835653	-0.151178284587217	-0.372459257371311	0.0331731774568138	0.389514666256062	0.210569539684433	0.415708851223139	-0.0136413337196701	-0.360308351303655	0.168855101494062	-0.388314637461168	-0.229641918936417	-0.0662339008136828	-0.321266401770219	0.210310441193458	0.0202484245851908	0.257210804695593	-0.227652508504492	-0.150947559818829	-0.225466128911354	-0.256364014824447	0.225244388552776	0.0668660663097062	-0.0066272865761238
"POST_OP_WOUNDHEALING"	0.409024674885769	0.0349954961847941	-0.270647387742304	0.171442081629027	-0.362498445474296	0.196673085826807	-0.141432329694346	0.127452750058845	-0.405727509784507	-0.0919593384627124	0.220667001177049	-0.267415897487066	0.427980748480409	-0.0334477132370977	0.0570668420339878	-0.218410564068177	-0.414061282707449	-0.145073800911524	-0.320046373016707	0.23532974872382	0.29083803473602	0.342615801895369	0.093317933751229	-0.410272143095001	-0.0816709831175439	-0.416429998682363	0.297375877568868	-0.0224412032119042	0.00237730998760732	-0.122922491994197	0.384297533751295	-0.244900368240985	0.425886540366021	-0.352445387618832	0.465709600333786	0.168296842911157	-0.232317588267285	0.249981552262273	-0.210159546093798	-0.17940863605835	-0.245714830634058	0.151070824866903	-0.031404683726632	0.110673757024116	-0.0608819627896512	-0.478947059035577	0.158955325863832	-0.169547587647391	-0.0392114775449369	-0.00642523605837916	-0.0190457597860798	-0.434571853523312
"DTP_BLOOD_VESS_DEVEL_UP"	-0.0210792493646095	-0.470882016454915	0.267942557086448	0.237093376444639	-0.303077328724099	0.032169720566445	0.0611889604926559	0.150582265174273	-0.427685269036687	-0.0576352896017388	0.31972775541695	-0.191220351501131	0.355349311590959	-0.132208338764612	0.108628882335529	-0.0842524262300365	-0.40180994757997	-0.656772843098636	-0.423641502679535	-0.113713914896902	0.139504113022408	0.432027789702269	0.414644524993715	-0.413922412470577	-0.37580266934868	-0.10551591608694	0.435620959295766	-0.243593804888029	0.112995045364125	-0.305934547106567	-0.300817653946557	-0.150990057711393	0.526185498745786	0.199181465440677	0.546004628428198	0.181322528568276	-0.476199898681064	0.241472287976211	-0.536108996606637	-0.265123521371083	-0.0975102409731189	-0.26539915213862	0.467784765395213	0.384562851310642	0.271219364861788	-0.532297991809351	0.0285028098733842	-0.340864954803678	-0.0922958390640007	0.187890354600214	-0.112253217388246	-0.122708329535941
"HOEK_INVASIVE_SIG"	0.27992188483643	-0.215428963272561	0.409066403741351	0.452207285667796	-0.268936799215416	-0.044691468483704	0.153451681316551	-0.117316748878506	-0.0501861583447979	-0.0753287940975393	0.378940214538747	-0.0326886152226031	0.220877869404387	0.212847955329807	0.303077080917452	-0.342222469843891	-0.347465009842754	-0.491808507858288	0.0194602832140412	-0.134726542854013	0.0117492900060402	0.290052916525844	-0.0540651866683395	-0.208120349504277	-0.0539278783430182	-0.440711816140128	0.296633978136777	-0.183311126090734	-0.106509411945681	-0.186626809447073	-0.406965820197362	0.11456348673268	0.572745190483591	-0.0272347413845494	0.319807596200457	-0.207614126506968	-0.486748495128594	0.167286942606634	-0.268851406007944	-0.176134976646578	-0.18645894625286	-0.389030343733345	0.209955768187369	0.150660422435495	0.111719903847911	-0.474534960721	-0.122237258248322	-0.331618296340028	0.10055250718831	-0.122467339858516	0.1839086765987	0.187041069382884
"DTPP_RESP_TO_WOUNDING_UP"	0.0485594705456769	-0.0241623007889262	-0.276718061457152	0.0132862007625535	-0.267607510278012	0.181252920727418	0.196396138150783	0.157922532779134	-0.19885762061982	-0.0725200634833678	0.292758696918289	-0.101310972557882	0.11360937543088	0.0124749618050975	-0.00307780051726189	-0.275298073948521	-0.291503421623902	-0.365088554600152	-0.369794403540147	-0.0930588552776026	0.187646247119268	0.365648589426142	0.299264669407328	-0.527365581011474	-0.25518525891149	-0.35323337983167	0.369876134168684	0.0439400623178525	-0.114383470526103	0.0477349584342676	-0.199587249337672	-0.215644757786496	0.550501842902636	0.160278351921048	0.485420897265094	0.104321214352919	-0.441032519316739	0.114766397671872	-0.115953358363528	-0.305893115143876	-0.323259441835892	-0.00662526408691988	0.00991854887210178	0.190023059623912	-0.0959268492436212	-0.419215944083937	0.00594629119708473	-0.032267962240334	0.0483106426396346	0.262193368713344	-0.21960739738179	-0.204857468221049
"PH_BLOOD_VESS_DEVEL_DN_IN_R"	0.0372608159894298	-0.486750839397403	0.237996805659154	-0.0397461821245009	-0.540528806760363	-0.291910716185197	0.323435273193354	0.234920997120208	-0.360845432437025	-0.0855134859036449	0.512947770191653	-0.0109844591614879	0.180918158171713	0.114033049931019	-0.394229934666703	-0.0933157793639539	-0.352446942633319	-0.518638837739078	-0.455433722359899	-0.17755505331489	-0.230310812793148	0.481656526578559	0.475560806609038	-0.0919561896158453	-0.597438476416998	0.315507879469477	0.575737986844644	0.0854601014916105	0.270054343150027	0.234160784759085	0.124529128235337	-0.335682238458497	0.385412198005314	-0.00973742785564932	0.652524444391359	0.1741114071747	-0.386808642362966	0.374246634408624	-0.553711891275302	-0.513773484895234	-0.455974670664327	-0.219150190938857	0.370798508120939	0.293129923602635	0.479822685630043	-0.553843123713888	0.231123615412081	-0.154617772950585	0.176612564877717	0.42158425935994	-0.330304413141071	-0.515070678182159
"DTPP_BLOOD_VESS_DEVEL_UP"	0.0642159520931988	-0.340700068300371	0.139023864114714	0.29772815760775	-0.331327829215654	-0.0802201268279353	0.0360254429802687	0.0286102115541703	-0.534537324349045	-0.00899523717326642	0.355534988313333	-0.291696387591513	0.364608835244444	0.101498974073248	-0.037046261926263	-0.325496657078925	-0.255064085554511	-0.646812586989666	-0.330605513971258	0.118744182342977	0.172420376363487	0.365911883031428	0.508607821894693	-0.376417563101722	-0.357762418166736	-0.0288027674221601	0.337812446058273	-0.321648253339081	-0.0511454189450588	-0.217110730983481	-0.366160430070038	-0.108810484630782	0.577927118848526	0.0809016147902459	0.620690841765831	0.0708567755150658	-0.433059900331448	0.205180176580226	-0.579844939630737	-0.345484066121387	-0.169426984545567	-0.346388507133853	0.391257649422033	0.238239261498645	0.19791237218889	-0.495346025728082	-0.122861146795888	-0.228675129129486	0.0188644938305385	0.32797556656794	-0.0374738518501327	-0.115027561157658
